연번,상호,시설주소,시설전화번호,,
1,금성헬스,서울특별시 서초구 서초동 1577-49 ,02-586-3558,,
2,서초헬스크럽,"서울특별시 서초구 사평대로 349  (반포동,2층)",02-542-5457,,
3,그린헬스,서울특별시 서초구 동광로 18  (방배동),02-537-9780,,
4,현대헬스,"서울특별시 서초구 방배천로 22  (방배동,3층)",02-583-9013,,
5,헬스토피아,"서울특별시 서초구 사평대로 362  (서초동,(3층))",,,
6,동호헬스클럽,"서울특별시 서초구 고무래로10길 17  (반포동,4층)",02-534-7758,,
7,그린짐,서울특별시 서초구 효령로 36  (방배동),02-586-2458,,
8,싸이버짐,"서울특별시 서초구 잠원로 94, B1층 (잠원동, 한신빌딩)",,,
9,한전아트센터스포츠클럽,서울특별시 서초구 효령로72길 60 (서초동),02-2055-1331,,
10,활로 피트 매니지먼트,"서울특별시 서초구 효령로 336 (서초동,지하1층)",02-598-9435,,
11,국가대표 소유창 휘트니스,"서울특별시 서초구 강남대로 617 (잠원동, 대양빌딩 4/5/6층)",,,
12,우성헬스 2,"서울특별시 서초구 서초중앙로 72  (서초동,지하1층)",02-582-1817,,
13,방배휘트니스클럽,"서울특별시 서초구 동광로 69  (방배동,2층)",02-593-2886,,
14,제이디아이스포츠,"서울특별시 서초구 반포대로12길 10  (서초동,4층)",02-522-3340,,
15,알로하짐,"서울특별시 서초구 바우뫼로7길 3, 중평빌딩 지하1층 (우면동)",,,
16,코리아짐,"서울특별시 서초구 서운로 142-4  (서초동,3층)",02-585-9104,,
17,아이러브 휘트니스,"서울특별시 서초구 강남대로 27 (양재동,농수산물유통공사 지하1층)",02-6300-2800,,
18,파워짐헬스크럽,"서울특별시 서초구 서초대로77길 25  (서초동,경일빌딩 7층)",02-3482-5810,,
19,코아텔휘트니스클럽,"서울특별시 서초구 강남대로53길 11  (서초동,지하2층)",02-6288-3301,,
20,대한퍼스널트레이닝,"서울특별시 서초구 사평대로55길 139  (반포동,미성빌딩4층)",02-515-2108,,
21,헬싱타운,"서울특별시 서초구 남부순환로 2636 (양재동,성문빌딩 지1층)",02-575-8343,,
22,듀발휘트니스,"서울특별시 서초구 서초중앙로22길 25  (서초동,서초리시온 2층)",02-584-0450,,
23,탑,"서울특별시 서초구 효령로53길 45  (서초동,서초이오빌 지1층)",02-586-2750,,
24,발리토탈휘트니스,"서울특별시 서초구 강남대로61길 23  (서초동,오르시떼빌딩 2층)",02-3477-8588,,
25,아크로 운동센타,"서울특별시 서초구 서초중앙로 197  (반포동,서호빌딩 지1층)",02-591-3777,,
26,방배역점 스포애니 주)케이디스포츠,"서울특별시 서초구 방배로 81 (방배동,6층)",02-586-4131,,
27,휘트니스 모션,"서울특별시 서초구 방배로 205 (방배동, 3층)",02-595-9922,,
28,우성A휘트니스,서울특별시 서초구 사임당로 158 (서초동),02-581-1230,,
29,마하헬스크럽,"서울특별시 서초구 방배천로2안길 23  (방배동,2층)",02-522-4045,,
30,휘트니스에프엠 교대점,"서울특별시 서초구 서초대로 314 (서초동,지1층)",02-585-8337,,
31,스피드순환운동,"서울특별시 서초구 바우뫼로 106  (양재동,(2층))",02-2057-4035,,
32,트리짐,서울특별시 서초구 반포동 30-2 삼호가든상가 3층 309-1호 ,02-599-3424,,
33,토마토휘트니스클럽,"서울특별시 서초구 신반포로47길 30  (잠원동,(2,3,4층))",02-515-2640,,
34,플라이 짐,"서울특별시 서초구 서운로 3 (서초동,(지하1층))",02-3474-8974,,
35,안전지대 휘트니스,"서울특별시 서초구 동작대로 230 (방배동,(지하1층))",02-595-9682,,
36,우정스포츠,"서울특별시 서초구 강남대로 359  (서초동,지하1층 B101호)",02-588-7218,,
37,마크짐휘트니스,"서울특별시 서초구 반포대로 63  (서초동,진석빌딩 지하1층)",02-521-1180,,
38,골드헬스클럽,"서울특별시 서초구 사임당로 143  (서초동,(지하1층))",02-581-5888,,
39,플레이핏 앤 필라테스,"서울특별시 서초구 서초중앙로 199 (반포동,(지하1층))",02-595-3060,,
40,언남문화체육센터,"서울특별시 서초구 동산로13길 35 (양재동,언남중고공공복합시설 지하중층)",02-577-7718,,
41,GYM승,"서울특별시 서초구 효령로 321 (서초동,(지하2층))",02-3472-3838,,
42,소울앤드바디,"서울특별시 서초구 서초대로55길 17  (서초동,,42(2층))",,,
43,이루어GYM 서초점,"서울특별시 서초구 서초대로 346 (서초동, 지하 1층 101호)",,,
44,갤럭시아스포츠클럽 더케이호텔점,"서울특별시 서초구 바우뫼로12길 70 (양재동, 더케이서울호텔 지하1층)",,,
45,고투(GOTO) 방배,"서울특별시 서초구 방배로 132, 지하1~2층 (방배동)",02-525-5944-5,,
46,(주)더 파스칼,"서울특별시 서초구 마방로10길 15 (양재동,트윈타워 B동(지1층))",02-2057-7575,,
47,스카이스포츠,"서울특별시 서초구 남부순환로339길 72  (서초동,(지1층))",02-598-1061,,
48,휘트니스짐,"서울특별시 서초구 반포대로 34, 지하1층 (서초동)",,,
49,SH메디휘트니스,"서울특별시 서초구 남부순환로 2614 (양재동, 한솔로이젠트 B01호)",02-3461-2450,,
50,피트니스파이브,"서울특별시 서초구 서초중앙로24길 27 (서초동, G-five B112호, B113호)",02-565-5008,,
51,애플짐반포점,"서울특별시 서초구 신반포로 162 (반포동,르본시티 2층)",02-3482-6040,,
52,타워 휘트니스(TOWER FITNESS),"서울특별시 서초구 서초대로 264 (서초동,(지1층))",,,
53,휴메이크 휘트니스,"서울특별시 서초구 강남대로 327 (서초동,대륭서초타워(지2층))",,,
54,리스펙짐,"서울특별시 서초구 반포대로 118 (서초동, (지1층))",02-587-7330,,
55,딸기짐,"서울특별시 서초구 동작대로 172 (방배동,(4층))",,,
56,마이짐(MY GYM),"서울특별시 서초구 방배로42길 61  (방배동,(지1층))",,,
57,더베스트짐,"서울특별시 서초구 논현로 79 (양재동,윈드스톤오피스텔(지1층))",02-2057-9888,,
58,피트니스팩토리24,"서울특별시 서초구 강남대로 156-1, 극동빌딩  4,5층 (양재동)",,,
59,NKB PT GYM,"서울특별시 서초구 서초대로25길 지하 27 (방배동, 배양빌딩)",,,
60,비컴스 피트니스,"서울특별시 서초구 서래로 50 (반포동,(3층))",02-537-8238,,
61,C&S휘트니스,"서울특별시 서초구 사임당로 32  (서초동,(지1층))",02-521-5337,,
62,어반액티브,"서울특별시 서초구 효령로31길 10 (방배동,(3층))",02-525-9688,,
63,위아더 휘트니스,"서울특별시 서초구 방배중앙로 187 (방배동, (2,3층))",02-3478-1902,,
64,Finest Private Gym,"서울특별시 서초구 서래로 2 (반포동, (2층))",,,
65,에이블짐 신논현역,서울특별시 서초구 사평대로 371 (반포동),02-542-8815,,
66,(주)영자피트니스 이수방배,서울특별시 서초구 동작대로 지하 134 (방배동),02-599-1740,,
67,the Fitness LAB,"서울특별시 서초구 동광로 101, 우림빌딩 2층 (방배동)",,,
68,벧쎌RC,서울특별시 서초구 남부순환로337가길 33 (서초동),02-6243-0037,,
69,파인휘트니스,"서울특별시 서초구 방배로 127 (방배동, 지하1, 지하2)",,,
70,에이제이짐,"서울특별시 서초구 방배천로 92 (방배동, 세양아르비채102동 1층)",,,
71,옵티멀휘트니스(optimal fitness),"서울특별시 서초구 사평대로22길 14, 2층 (반포동)",02-537-1232,,
72,(주)그레이트짐,"서울특별시 서초구 남부순환로347길 101 (서초동, 지하1층)",,,
73,드림팩토리(Dream Factory),"서울특별시 서초구 잠원로 148 (잠원동, 잠원연합상가 지하1층)",02-534-2223,,
74,Fit To be 815,"서울특별시 서초구 남부순환로364길 8-15, 동일빌딩 3층 (양재동)",,,
75,김재환짐,"서울특별시 서초구 반포대로28길 50, 지하1층 (서초동)",02-583-5630,,
76,고마워 휘트니스,"서울특별시 서초구 서초중앙로 166 (서초동, 지하1층)",02-3477-1253,,
77,쥬빌짐,"서울특별시 서초구 서운로 208 (서초동, 삼호서초동종합상가 211,212호)",,,
78,티랩스튜디오 시그니처 서초점,"서울특별시 서초구 효령로 190, 비선빌딩 지하1층 (서초동)",,,
79,G.O PT Studio,"서울특별시 서초구 명달로 116 (서초동, 2층)",02-6349-0625,,
80,강남역2호점 스포애니 주)케이디스포츠,"서울특별시 서초구 서초대로78길 44 (서초동, 나산스위트 지하1층)",02-586-7721,,
81,핏바디스튜디오,"서울특별시 서초구 서초대로73길 54 (서초동, 디오빌강남오피스텔 201호)",,,
82,잼짐(GEM GYM),"서울특별시 서초구 서초중앙로 217 (반포동, 대동빌딩 지하1층)",02-3481-0909,,
83,Lion GYM,"서울특별시 서초구 서초대로65길 13-10 (서초동, 서초래미안@상가동 207호)",070-8150-0410,,
84,파워슈로스 운동센터,"서울특별시 서초구 서초대로 6 (방배동, 구산빌딩 4층)",,,
85,서래,"서울특별시 서초구 사평대로26길 48 (반포동, 3층)",02-070-8197-1101,,
86,하이드파크,"서울특별시 서초구 서초중앙로 148 (서초동, 지하2층, 지하3층)",02-534-3332,,
87,마이다스 스튜디오,"서울특별시 서초구 서초대로 335 (서초동, 다동 5층)",02-596-9682,,
88,Training-Parc(트레이닝파크),"서울특별시 서초구 서초대로 341 (서초동, 지하1층, 지상2층)",,,
89,이수역점 스포애니 주)케이디스포츠,"서울특별시 서초구 동작대로 114 (방배동, 유문빌딩 지하1층)",02-3478-8333,,
90,멋짐헬스PT,"서울특별시 서초구 사임당로 21 (서초동, 지하1층)",02-523-0959,,
91,크로스핏 제니아,"서울특별시 서초구 서래로8길 7 (반포동, 포도빌딩 지하1층)",02-537-6697,,
92,헬스보이짐 신논현점,"서울특별시 서초구 사평대로56길 7 (서초동, 한일유앤아이주상복합 지하2층)",02-539-9394,,
93,달라짐(Dalla GYM) PT studio,"서울특별시 서초구 강남대로30길 57 (양재동, 2층)",02-579-8485,,
94,피트니스 스퀘어,"서울특별시 서초구 동광로27길 20 (방배동, 지층)",,,
95,로얄바디짐,"서울특별시 서초구 동광로 106 (방배동, 2층)",02-533-2122,,
96,포커스 핏,"서울특별시 서초구 강남대로 557 (잠원동, 성한빌딩 지하2층)",02-511-4914,,
97,9's(나인스) PT STUDIO,"서울특별시 서초구 방배천로24길 11 (방배동, 명림빌딩 지하2층)",02-6032-9591,,
98,나눔케어 피트니스,"서울특별시 서초구 서래로5길 19, 3층 (반포동, 나눔케어빌딩)",,,
99,하이폭시코리아,"서울특별시 서초구 강남대로 213 (양재동, 스포타임3층)",02-578-3322,,
100,더쉐이프,"서울특별시 서초구 효령로34길 76, 동림빌딩 2층 201호 (방배동)",,,
101,클래스짐,"서울특별시 서초구 효령로 289 (서초동, 3층)",02-6232-2930,,
102,참깨체육관 by 짐마일로,"서울특별시 서초구 신반포로 45 (반포동, 디부럭상가아파트 14-1호)",,,
103,Gym 360+,"서울특별시 서초구 서래로3길 3 (반포동, 3층)",,,
104,주식회사 힐링스짐,"서울특별시 서초구 효령로33길 55 (방배동, 2층)",02-585-0492,,
105,코어핏(Corefit),"서울특별시 서초구 사평대로20길 3 (반포동, 신화빌딩 1층)",070-4219-0106,,
106,TenTen Fitness,"서울특별시 서초구 서초중앙로33길 20 (반포동, 2층)",02-6261-1010,,
107,마커스짐,"서울특별시 서초구 서초대로 137 (방배동, 신국빌딩 2층)",02-643-100,,
108,삼성물산 서초사옥휘트니스,"서울특별시 서초구 서초대로74길 14 (서초동, 삼성물산 서초사옥, 지하1층)",02-2145-7070,,
109,4TP fitness,"서울특별시 서초구 고무래로 18-4 (반포동, 지하중2층, 지하2층, 지하3층)",02-6925-0909,,
110,잠원스포츠파크,서울특별시 서초구 신반포로23길 66 (잠원동),02-533-7508,,
111,MN휘트니스,"서울특별시 서초구 사임당로 174 (서초동, 강남미래타워B101호~B103호)",02-9979-0000,,
112,펠리체PT스튜디오,"서울특별시 서초구 서초중앙로20길 38, 2층 (서초동, 동진빌딩)",02-2052-55651,,
113,테라 짐,"서울특별시 서초구 사평대로22길 6, 2층 (반포동, 삼영빌딩)",02-2053-77667,,
114,HAVEN,"서울특별시 서초구 서초중앙로28길 6, 4층 (서초동)",02-595-1595,,
115,이동근 바디퍼포먼스,"서울특별시 서초구 반포대로 43, 지층 (서초동)",,,
116,바디엔지니어,"서울특별시 서초구 강남대로 305, 지하1층 109호 (서초동, 현대렉시온)",070-8814-8812,,
117,대한퍼스널트레이너협회,"서울특별시 서초구 효령로 105, 3층 (방배동, 범창빌딩)",02-3476-6696,,
118,어메이짐(Amazym),"서울특별시 서초구 강남대로93길 38, 지하층 (잠원동, 영신빌딩)",02-511-0906,,
119,(주)잠원투엑스휘트니스,"서울특별시 서초구 잠원로3길 40, 지층 1호 (잠원동, 태남홀딩스)",02-533-9811,,
120,비바라짐,"서울특별시 서초구 신반포로 22, H동 14,207호 (반포동, 구반포상가)",02-535-2555,,
121,퍼스널 트레이닝 S,"서울특별시 서초구 신반포로 100, 415,416,417호 (반포동, 래미안 퍼스티지 신반포역상가)",02-596-5355,,
122,운동을 만나고,"서울특별시 서초구 방배중앙로 155, 3층 (방배동)",02-533-9720,,
123,더 스토리짐,"서울특별시 서초구 서초대로78길 48, 5층 (서초동)",,,
124,달라짐,"서울특별시 서초구 남부순환로356길 61, 2층 (양재동)",02-579-8485,,
125,(주)휴메이크,"서울특별시 서초구 반포대로 34, 지하1층 (서초동)",,,
126,골든 크라운 크로스핏,"서울특별시 서초구 강남대로 349, 지하2층 (서초동, 우남빌딩)",02-2055-0077,,
127,H Core Fitness,"서울특별시 서초구 남부순환로325길 7, 지하1층 (서초동)",02-521-5976,,
128,휴짐나지움,"서울특별시 서초구 고무래로10길 5, 2층 (반포동)",,,
129,브랜뉴짐,"서울특별시 서초구 방배로 174, 지하1층 (방배동, 태창빌딩)",,,
130,올핏 운동헬스케어 매니지먼트,"서울특별시 서초구 서운로 18, 지하1층 (서초동, 영진빌딩)",,,
131,719 studio,서울특별시 서초구 사평대로53길 93-19 (반포동),,,
132,얼티밋 크로스핏 방배점,"서울특별시 서초구 방배로 94, 지하2층 (방배동)",02-525-9682,,
133,제이짐(Jgym),"서울특별시 서초구 서초중앙로 62, 지하1층 (서초동, 우일빌딩)",02-2525-5504,,
134,헐크짐,"서울특별시 서초구 동산로13길 6, 지하층 (양재동)",,,
135,The Better GYM,"서울특별시 서초구 서초중앙로26길 13, B01호 (서초동)",,,
136,제이주드,"서울특별시 서초구 방배로 119, 지하1층 (방배동)",,,
137,진핏 PT 스튜디오,"서울특별시 서초구 서초중앙로 87 (서초동, 지하2층)",02-521-0917,,
138,리얼핏,"서울특별시 서초구 강남대로 321, 2층 209~211호 (서초동, 서초동대우디오빌프라임)",02-585-0905,,
139,레몬필라테스,"서울특별시 서초구 사평대로55길 133 (반포동, 대영빌딩 2층 전체)",,,
140,WOOLIBODY,"서울특별시 서초구 서초중앙로 230, 2층 205호 (반포동, 동화반포프라자빌딩)",,,
141,하우스필라테스,"서울특별시 서초구 서초대로77길 61, 4층 (서초동, S&GTOWER서초)",02-525-5345,,
142,워너비,"서울특별시 서초구 남부순환로347길 101 (서초동, 지하1층)",,,
143,주식회사 블레스라이프 필라테스,"서울특별시 서초구 서초대로 397, 2층 203-1호 (서초동)",02-533-2817,,
144,바디메이크업(256),서울특별시 서초구 강남대로 479 (반포동),,,
145,뱅뱅사거리점 스포애니 (주)케이디스포츠,"서울특별시 서초구 강남대로 279, 지하1층 (서초동)",02-525-9618,,
146,아유짐,"서울특별시 서초구 동작대로 62, 용진빌딩 3층 (방배동)",,,
147,버터짐,"서울특별시 서초구 효령로68길 104, 지하1층 (서초동)",02-522-6980,,
148,비바라짐 (신논현),"서울특별시 서초구 서운로 220, 대지스포츠플라자 2층 (서초동)",02-596-3555,,
149,바디워크,"서울특별시 서초구 방배로 16, 주심빌딩 4층 (방배동)",02-522-7937,,
150,썸머짐,"서울특별시 서초구 효령로 221, 3층 (서초동)",02-598-5777,,
151,주식회사 영자피트니스 서초,"서울특별시 서초구 서초대로 254, 오퓨런스 지하3층 (서초동)",02-6250-3040,,
152,피트니스 타임,"서울특별시 서초구 남부순환로350길 19-26, 도담빌딩 지하1층 (양재동)",,,
153,MY BALANCE(마이 밸런스),"서울특별시 서초구 남부순환로333길 13, 효봉빌딩 2층 201호 (서초동)",,,
154,라비아 피트니스,"서울특별시 서초구 서초중앙로33길 7, 2층 (반포동)",,,
155,짐홀릭,"서울특별시 서초구 사임당로 93, 2-3층 (서초동)",02-6401-4011,,
156,썬더짐,"서울특별시 서초구 서초중앙로 188, 상가동 L층 134호 (서초동, 아크로비스타)",0506-050-1111,,
157,피트니스 프렌즈,"서울특별시 서초구 강남대로109길 102, 잠원빌딩 5층 (잠원동)",070-8993-0779,,
158,발할라짐,"서울특별시 서초구 서래로5길 34, 2층 (반포동)",,,
159,액트짐 반포점,"서울특별시 서초구 강남대로79길 59, 새로나 빌딩 지하2층 (반포동)",02-3443-3337,,
160,바디 아티스트,"서울특별시 서초구 강남대로 321, 지하1층 104호 (서초동, 서초동대우디오빌프라임)",02-,,
161,라곰(LAGOM),"서울특별시 서초구 서초중앙로8길 7, 2층 (서초동)",02-598-4528,,
162,빌더바디(Build The Body),"서울특별시 서초구 방배천로20길 1, 5층 (방배동)",,,
163,바디메뉴얼,"서울특별시 서초구 방배중앙로 161, 2층 (방배동)",02-593-9679,,
164,머슬메모리휘트니스,"서울특별시 서초구 강남대로83길 24, 2층 (반포동)",,,
165,파란헬스살롱,"서울특별시 서초구 신반포로 326-16, 2층 (반포동)",,,
166,아몬드짐,"서울특별시 서초구 반포대로10길 45, 지하1층 (서초동)",02-587-6887,,
167,짐 레빗(Gym Revit),"서울특별시 서초구 방배중앙로29길 21, 가우디빌딩 4층 (방배동)",,,
168,바라다짐,"서울특별시 서초구 사평대로2길 22, 2층 (방배동)",,,
169,웨이브휘트니스,"서울특별시 서초구 서초대로 338, 프로비스타 지하2층 (서초동)",02-598-8469,,
170,핏그라운드,"서울특별시 서초구 반포대로21길 23, 세진빌딩 지하1층 (서초동)",,,
171,프로젝트핏,"서울특별시 서초구 서운로6길 26, 지훈빌딩 지하1층 (서초동)",02-585-2588,,
172,(주)올리바컴퍼니,"서울특별시 서초구 강남대로 148, 상록빌딩 지하2층 (양재동)",02-579-0576,,
173,엠퍼스널트레이닝서초,"서울특별시 서초구 반포대로14길 42, 오영빌딩 3층 (서초동)",02-525-2419,,
174,발리휘트니스(BALI Fitness),"서울특별시 서초구 사평대로26길 8, 포레 933빌딩 4층 (반포동)",070-8233-3355,,
175,피트니스솔루션,"서울특별시 서초구 서초대로 335, 서흥빌딩 5층 (서초동)",02-595-5976,,
176,퍼스트짐,"서울특별시 서초구 동산로12길 4, 유성빌딩 지하1층 (양재동)",,,
177,"골드에스 휘트니스, 필라테스 서초점","서울특별시 서초구 반포대로 58, 상가동 지하1~2층 (서초동, 서초아트자이)",02-3587-8999,,
178,베스트 오브 벨리,"서울특별시 서초구 서래로 32, 백림제2빌딩 3층 (반포동)",,,
179,클럽몬스터(CLUB MONSTER),"서울특별시 서초구 잠원로 148, 4층 402호 (잠원동, 잠원연합상가)",,,
180,(주)에이블짐 교대역점,"서울특별시 서초구 서초대로 320, 하림인터내셔날빌딩 지하2층 (서초동)",02-2088-3036,,
181,오늘하루운동,"서울특별시 서초구 강남대로 210, 행복빌딩 지하1,2층 (양재동)",,,
182,온더피티스튜디오 서초점,"서울특별시 서초구 강남대로47길 52, 지하1층 (서초동)",,,
183,로그짐,"서울특별시 서초구 사평대로56길 7, 3층 307호 (서초동, 서초한일유앤아이주상복합)",02-534-9682,,
184,박PT,"서울특별시 서초구 사임당로17길 123, 맥스빌딩 (서초동)",,,
185,올데이핏(Allday Fit),"서울특별시 서초구 반포대로30길 81, 웅진타워 (서초동)",02-597-2141,,
186,히스토리,"서울특별시 서초구 서래로 31, 2층 (반포동)",,,
187,러브유어바디 피티 스튜디오,"서울특별시 서초구 사임당로 115, B209호 (서초동)",,,
188,운동하는날,"서울특별시 서초구 바우뫼로6길 16, 2층 (우면동)",,,
189,스포니스 교대점,"서울특별시 서초구 서초중앙로24길 17, 베아따빌딩본관 지층 (서초동)",,,
190,바디스펙트럼,"서울특별시 서초구 강남대로 359, 대우도씨에빛2 3층 311,312호 (서초동)",,,
191,리버스바디,"서울특별시 서초구 서초대로53길 21, 202호 (서초동)",02-532-6456,,
192,빅브로짐 휘트니스,"서울특별시 서초구 방배로 103, 서리풀타워 지하1층 (방배동)",02-597-7006,,
193,바디녹스짐,"서울특별시 서초구 방배로37길 11, 삼호회관 지하1층 (방배동)",02-599-9293,,
194,YS PT,"서울특별시 서초구 방배로 110, 하나은행 지하층 102호 (방배동)",,,
195,스포니스 반포점,"서울특별시 서초구 신반포로 지하 241, 반포역 지하1층 733-111(일부)호 (잠원동)",,,
196,리커버리 퍼스널 트레이닝 센터,"서울특별시 서초구 방배로33길 20, 정석빌딩 지하1층 (방배동)",,,
197,아크피티스튜디오,"서울특별시 서초구 사임당로 171, EWR빌딩 지하1층 (서초동)",070-7576-1992,,
198,PT Lab Bangbae,"서울특별시 서초구 방배중앙로 91, 석호빌딩 지하1층 (방배동)",,,
199,다이아몬드짐 헬스,"서울특별시 서초구 서초대로 346, 지하1층 102호 (서초동, 서초동 동아빌라트)",02-525-1286,,
200,반포휘트니스사우나,"서울특별시 서초구 강남대로85길 16, 1층 (반포동)",02-516-3438,,
201,교대역점 스포애니 (주)케이디스포츠,"서울특별시 서초구 서초중앙로22길 17, 지하1층 (서초동)",,,
202,(주)바디스타,"서울특별시 서초구 신반포로 194, 강남고속버스터미널 1층 (반포동)",,,
203,테라피티,"서울특별시 서초구 바우뫼로 177, 성문빌딩 지하층 (양재동)",,,
204,에이제이짐,"서울특별시 서초구 서초대로 13, 방배 마에스트로 204호 (방배동)",,,
205,피디컬짐,"서울특별시 서초구 방배로42길 19, 지층 (방배동)",,,
206,핏플즈,"서울특별시 서초구 서초중앙로31길 14-11, 1층 (반포동)",,,
207,S&C physical center,"서울특별시 서초구 동광로22길 7, 102동 b01호 (방배동)",,,
208,위크로스핏,"서울특별시 서초구 서초중앙로 115, 서용빌딩 지층 (서초동)",02-584-1905,,
209,GOTO 서브 반포점,"서울특별시 서초구 신반포로 지하 241, 반포역 지하층 (잠원동)",,,
210,피치짐,"서울특별시 서초구 명달로20길 21, 1층 (서초동, 서초 에스테온)",,,
211,HEYDAY PT STUDIO,"서울특별시 서초구 강남대로 455, 205호 (서초동, 강남태영데시앙루브)",,,
212,넥스트레벨피티,"서울특별시 서초구 서초대로 389, 진흥상가 지하층 1호 (서초동)",,,
213,바디어필 PT 스튜디오,"서울특별시 서초구 방배로6길 13, 지하1층 (방배동)",,,
214,더짐 주식회사,"서울특별시 서초구 강남대로53길 8, 스타크 강남빌딩 (서초동)",,,
215,HANT,"서울특별시 서초구 서초대로38길 12, b115동 116호 (서초동, 마제스타시티, 힐스테이트 서리풀)",,,
216,더바디코치,"서울특별시 서초구 신반포로 205, 반포쇼핑타운 6동 5층 4,5호 (잠원동)",02-537-3297,,
217,라겟옴,"서울특별시 서초구 서초중앙로 70, 동명빌딩 3층 (서초동)",02-597-4528,,
218,김민철 트레이닝,"서울특별시 서초구 서초중앙로31길 18, 그랑반포 4층 (반포동)",,,
219,마커스 재활운동,"서울특별시 서초구 서초대로25길 51, 지하1층 (방배동)",,,
220,빌리프짐 양재역점,"서울특별시 서초구 남부순환로347길 23, 유진빌딩 지하1층 (서초동)",,,
221,바른다짐 퍼스널 트레이닝,"서울특별시 서초구 서운로 207, 삼호종합상가 223호 (서초동)",,,
222,짐파서블,"서울특별시 서초구 서초대로42길 41, 지하1층 (서초동)",,,
223,타임 투 짐(TIME TO GYM),"서울특별시 서초구 사임당로14길 7, 1층 (서초동)",,,
224,바른밸런스 PT STUDIO,"서울특별시 서초구 효령로 165, 한진빌딩 2층 (서초동)",,,
225,로그짐 강남역점,"서울특별시 서초구 서초대로77길 5, 진영빌딩 13층 (서초동)",02-537-9682,,
226,슬릭 교대캠프,"서울특별시 서초구 법원로2길 17-5, 백영빌딩 지하1층 (서초동)",02-2135-2556,,
227,바디스펙트럼2,"서울특별시 서초구 강남대로53길 7, 강남애니타워 3층 301호 (서초동)",02-586-2369,,
228,서래마을 체육관,"서울특별시 서초구 동광로 93, 테라스빌딩 4층 (방배동)",,,
229,네이처바이트 주식회사,"서울특별시 서초구 성촌4길 11, 하이디하우스 지하1층, 지상4층 (우면동)",02-3462-1600,,
230,헬링짐,"서울특별시 서초구 나루터로 75, 금산빌딩 지하1층 (잠원동)",,,
231,비바라짐 내방점,"서울특별시 서초구 서초대로 108, 3층 301호 (방배동)",02-2598-2555,,
232,로그짐 서초우성점,"서울특별시 서초구 사임당로 180, 보원빌딩 1층 (서초동)",02-587-9682,,
233,PT MATE,"서울특별시 서초구 고무래로 6-3, 삼공빌딩 지층 201호 (반포동)",02-6449-6800,,
234,교대PT,"서울특별시 서초구 사임당로 80, URBANTREE(어반트리) 204호 (서초동)",,,
235,짐에브리원,"서울특별시 서초구 서초대로 3-4, 413-1호 (방배동, 방배디오슈페리움1)",02-6407-1331,,
236,애슬레틱 라운지,"서울특별시 서초구 신반포로 315, 삼덕빌딩 지층 (잠원동)",,,
237,포커스 핏,"서울특별시 서초구 강남대로 603, 인성빌딩 (잠원동)",,,
238,윤형준 트레이닝센터,"서울특별시 서초구 방배로6길 10-15, 대영빌딩 (방배동)",,,
239,전자서울 R&D 피트니스센터,서울특별시 서초구 성촌길 56 (주)삼성전자 서울R&D캠퍼스 (우면동),02-6147-9522,,
240,알앤디피티,"서울특별시 서초구 성촌1길 12, 우면삼성프라자-2 401호 (우면동)",,,
241,닥터 펠리체 짐,"서울특별시 서초구 방배천로 5-1, 8층 (방배동)",02-525-2665,,
242,서리풀PT,"서울특별시 서초구 방배로 92, 2층 (방배동)",,,
243,반포짐,"서울특별시 서초구 반포대로 106, 태홍빌딩 지층 (서초동)",,,
244,앤써 휘트니스,"서울특별시 서초구 신반포로47길 47, 인정빌딩 (잠원동)",,,
245,파프짐,"서울특별시 서초구 효령로77길 14, 1층 (서초동, 풍림아이원플러스)",,,
246,짐엑스텐,"서울특별시 서초구 사임당로 13, 동화빌딩 5층 (서초동)",070-7778-7820,,
247,에브리데이 PT,"서울특별시 서초구 동작대로 70, 6층 (방배동)",,,
248,블랙포스짐 교대점,"서울특별시 서초구 서초대로53길 10, 서일빌딩 지층 (서초동)",,,
249,파인어스PT,"서울특별시 서초구 양재천로29길 21, 가온 빌딩 2층 (양재동)",02-576-9208,,
250,유얼짐,"서울특별시 서초구 사평대로56길 5, 아멜리아 지2층 (서초동)",,,
251,(주)다이나믹케어,"서울특별시 서초구 사임당로 174, 강남미래타워 5층 503호 (서초동)",02-6326-0717,,
252,아틀라스 트레이닝(Atlas),"서울특별시 서초구 방배로16길 5, 한국법령정보원 1층 (방배동)",02-534-5322,,
253,매일핏,"서울특별시 서초구 사평대로53길 93-19, 지층 (반포동)",,,
254,주식회사 비욘드 더브랜드,"서울특별시 서초구 태봉로 62, 네이처프라자 5층 501호 (우면동)",02-576-0601,,
255,F45 교대,"서울특별시 서초구 서초대로51길 24, 3층 (서초동)",,,
256,글로우짐,"서울특별시 서초구 고무래로 32, 반포트라이엄프메딕스빌딩 지층 (반포동)",02-591-8448,,
257,나만의GYM,"서울특별시 서초구 사임당로 31, 궁현빌딩 지층 A호 (서초동)",,,
258,내셔널짐 서초점,"서울특별시 서초구 사임당로 143, Cross 143 4층 407,408호 (서초동)",,,
259,팀람다 트레이닝센터,"서울특별시 서초구 서초중앙로22길 92-4, 동구빌딩 지층 (서초동)",,,
260,(주)엠알티핏,"서울특별시 서초구 서래로6길 4, 가나빌딩 지하1층 (반포동)",02-591-4343,,
261,테디짐PT 서초래미안,"서울특별시 서초구 서초대로65길 13-10, 2층 207호 (서초동, 서초래미안아파트)",,,
262,클래시 휘트니스,"서울특별시 서초구 효령로53길 24, 디아레나 서초 지층 101호 (서초동)",02-2039-3391,,
263,무브케어랩 퍼스널트레이닝,"서울특별시 서초구 동광로 4, 다온빌딩 3층 (방배동)",,,
264,더 퍼스트 피티 스튜디오,"서울특별시 서초구 서초대로51길 22, 명산빌딩 2층 (서초동)",02-3482-1112,,
265,엑스(x)휘트니스,"서울특별시 서초구 양재대로2길 109, 상가동 2층 201호 (우면동, 서초호반써밋)",,,
266,아라핏 스튜디오,"서울특별시 서초구 서초대로78길 30, 3층 (서초동)",,,
267,보리스짐 교대,"서울특별시 서초구 서초중앙로 110, 지하1층 (서초동, 서초동롯데캐슬메디치)",02-584-1113,,
268,펜타핏 주식회사,"서울특별시 서초구 강남대로 349, 우남빌딩 11층 (서초동)",,,
269,크로스핏 강남 반포,"서울특별시 서초구 방배중앙로 204, 리첸시아 지하1층 (방배동)",02-599-5599,,
270,바른자세 Pt짐,"서울특별시 서초구 신반포로23길 41, 4층 404호 (잠원동, 신반포2지구아파트)",,,
